{"errors":[],"warnings":[],"namedChunkGroups":{"app":{"chunks":[6,1],"assets":["webpack-runtime-097fd970a385e6f182da.js","webpack-runtime-097fd970a385e6f182da.js.map","app-40427e44fc956edeec66.js","app-40427e44fc956edeec66.js.map"],"children":{},"childAssets":{}},"component---src-pages-404-js":{"chunks":[0,2],"assets":["0.67534cce55f4fb024229.css","0-0676a6c0edb7a9399639.js","0-0676a6c0edb7a9399639.js.map","component---src-pages-404-js-d499e73366a3df5a13dc.js","component---src-pages-404-js-d499e73366a3df5a13dc.js.map"],"children":{},"childAssets":{}},"component---src-pages-index-js":{"chunks":[0,3],"assets":["0.67534cce55f4fb024229.css","0-0676a6c0edb7a9399639.js","0-0676a6c0edb7a9399639.js.map","component---src-pages-index-js-709432045282341eb371.js","component---src-pages-index-js-709432045282341eb371.js.map"],"children":{},"childAssets":{}},"component---src-pages-page-2-js":{"chunks":[0,4],"assets":["0.67534cce55f4fb024229.css","0-0676a6c0edb7a9399639.js","0-0676a6c0edb7a9399639.js.map","component---src-pages-page-2-js-5e6bc19a56c2c1c52598.js","component---src-pages-page-2-js-5e6bc19a56c2c1c52598.js.map"],"children":{},"childAssets":{}},"pages-manifest":{"chunks":[5],"assets":["pages-manifest-c2e429121a6b4d12ba2e.js","pages-manifest-c2e429121a6b4d12ba2e.js.map"],"children":{},"childAssets":{}}},"assetsByChunkName":{"app":["webpack-runtime-097fd970a385e6f182da.js","app-40427e44fc956edeec66.js"],"component---src-pages-404-js":["0.67534cce55f4fb024229.css","0-0676a6c0edb7a9399639.js","component---src-pages-404-js-d499e73366a3df5a13dc.js"],"component---src-pages-index-js":["0.67534cce55f4fb024229.css","0-0676a6c0edb7a9399639.js","component---src-pages-index-js-709432045282341eb371.js"],"component---src-pages-page-2-js":["0.67534cce55f4fb024229.css","0-0676a6c0edb7a9399639.js","component---src-pages-page-2-js-5e6bc19a56c2c1c52598.js"],"pages-manifest":["pages-manifest-c2e429121a6b4d12ba2e.js"]}}